department,student_program,company_requirements,project
Engineering,Computer Science,"Experience with data structures and algorithms, proficiency in Java, strong analytical skills",Web application development project
Engineering,Electrical Engineering,"Knowledge of power systems, familiarity with control systems, ability to design electrical circuits",Smart grid optimization project
Business,Business,"Experience in market analysis, strong communication skills, proficiency in financial modeling",Strategic marketing plan project
Law,Law,"Research and writing skills, knowledge of legal precedents, ability to analyze complex cases",Constitutional law review project
Engineering,Software Engineering,"Proficiency in software development lifecycle, experience with agile methodologies, strong coding skills",Mobile app development project
Business,Accounting,"Knowledge of financial accounting principles, proficiency in Excel, strong attention to detail",Financial statement analysis project
Engineering,Computer Engineering,"Familiarity with digital logic design, experience with FPGA development, knowledge of computer architecture",Embedded systems design project
Business,Business,"Experience in project management, strong leadership skills, proficiency in data analysis",Operations optimization project
Engineering,Hardware Engineering,"Ability to design electronic circuits, knowledge of signal processing, experience with PCB layout",Sensor integration project
Law,Law,"Strong legal research skills, proficiency in case analysis, ability to write persuasive legal arguments",Criminal defense case strategy project
Engineering,Computer Science,"Experience with machine learning algorithms, proficiency in Python, strong problem-solving skills",Data analysis and visualization project
Engineering,Electrical Engineering,"Knowledge of circuit design, familiarity with embedded systems, ability to work with microcontrollers",Renewable energy systems project
Business,Business,"Experience in financial planning, strong decision-making skills, proficiency in market research",Strategic investment analysis project
Law,Law,"Research and analysis abilities, knowledge of statutory interpretation, strong oral advocacy skills",Civil rights litigation project
Engineering,Software Engineering,"Proficiency in object-oriented programming, experience with software testing, familiarity with version control systems",E-commerce platform development project
Business,Accounting,"Knowledge of auditing principles, proficiency in accounting software, strong understanding of tax regulations",Internal control assessment project
Engineering,Computer Engineering,"Familiarity with computer networks, experience with network security, knowledge of software-defined networking",Network infrastructure upgrade project
Business,Business,"Experience in supply chain management, strong negotiation skills, proficiency in logistics analytics",Supply chain optimization project
Engineering,Hardware Engineering,"Ability to design analog circuits, knowledge of semiconductor devices, experience with integrated circuit layout",Analog sensor interface project
Law,Law,"Legal research and writing skills, knowledge of contract law, ability to draft legal documents",Business contract review project
Engineering,Computer Science,"Experience with web development technologies, proficiency in JavaScript, strong understanding of web security principles",Online marketplace platform project
Engineering,Electrical Engineering,"Knowledge of power electronics, familiarity with renewable energy systems, ability to analyze electrical networks",Energy storage system design project
Business,Business,"Experience in international business, strong cross-cultural communication skills, proficiency in global market analysis",International expansion strategy project
Law,Law,"Strong legal reasoning abilities, knowledge of administrative law, ability to analyze regulatory compliance issues",Government regulatory compliance project
Engineering,Software Engineering,"Proficiency in software architecture design, experience with cloud computing platforms, strong knowledge of software performance optimization",Scalable web application project
Business,Accounting,"Knowledge of management accounting techniques, proficiency in cost analysis, strong understanding of budgeting principles",Strategic cost management project
Engineering,Computer Engineering,"Familiarity with digital signal processing, experience with real-time embedded systems, knowledge of hardware description languages",Digital signal processing project
Business,Business,"Experience in data analytics, strong statistical analysis skills, proficiency in business intelligence tools",Predictive analytics project
Engineering,Hardware Engineering,"Ability to design mixed-signal circuits, knowledge of RF communication systems, experience with wireless sensor networks",IoT sensor integration project
Law,Law,"Legal research and analysis skills, knowledge of intellectual property law, ability to draft patent applications",Intellectual property rights project
Engineering,Computer Science,"Experience with database management systems, proficiency in SQL, strong understanding of data modeling principles",Enterprise database design project
Engineering,Electrical Engineering,"Knowledge of electromagnetic field theory, familiarity with power system protection, ability to analyze electrical machine performance",Electric motor control system project
Business,Business,"Experience in corporate finance, strong financial modeling skills, proficiency in investment analysis",Merger and acquisition valuation project
Law,Law,"Strong legal advocacy skills, knowledge of criminal procedure, ability to conduct effective witness examinations",Criminal defense trial strategy project
Engineering,Software Engineering,"Proficiency in full-stack web development, experience with RESTful APIs, strong understanding of software security best practices",Social networking platform project
Business,Accounting,"Knowledge of forensic accounting techniques, proficiency in fraud examination, strong understanding of internal controls",Fraud risk assessment project
Engineering,Computer Engineering,"Familiarity with computer architecture design, experience with system-on-chip development, knowledge of hardware-software co-design",Embedded system optimization project
Business,Business,"Experience in strategic management, strong business planning skills, proficiency in competitive analysis",Market expansion strategy project
Engineering,Hardware Engineering,"Ability to design digital signal processing circuits, knowledge of sensor fusion algorithms, experience with inertial measurement units",Sensor fusion system integration project
Law,Law,"Legal research and writing abilities, knowledge of environmental law, ability to analyze regulatory compliance issues",Environmental impact assessment project
Engineering,Computer Science,"Experience with software requirements engineering, proficiency in UML modeling, strong understanding of software architecture principles",Enterprise software development project
Engineering,Electrical Engineering,"Knowledge of power system analysis, familiarity with electric machine control, ability to design electrical power converters",Smart grid control system project
Business,Business,"Experience in operations management, strong project management skills, proficiency in process improvement methodologies",Supply chain logistics optimization project
Law,Law,"Strong legal writing skills, knowledge of international law, ability to analyze cross-border legal issues",International trade law project
Computer Science,Computer Science,"Experience with machine learning algorithms, proficiency in Python, strong problem-solving skills",Data-driven recommendation system project
Electrical Engineering,Electrical Engineering,"Knowledge of power electronics, familiarity with renewable energy systems, ability to analyze electrical networks",Smart grid energy optimization project
Business,Business,"Experience in corporate finance, strong financial modeling skills, proficiency in investment analysis",Market entry financial analysis project
Software Engineering,Software Engineering,"Proficiency in full-stack web development, experience with RESTful APIs, strong understanding of software security best practices",Secure e-commerce platform project
Law,Law,"Legal research and writing abilities, knowledge of environmental law, ability to analyze regulatory compliance issues",Environmental litigation support project
Hardware Engineering,Hardware Engineering,"Ability to design digital signal processing circuits, knowledge of sensor fusion algorithms, experience with inertial measurement units",Advanced sensor technology integration project