student_program,recommended_project
Information Technology,Create a mobile app for language learning
Artificial Intelligence,Build a gesture recognition system
Artificial Intelligence,Develop a language translation app
Artificial Intelligence,Build a voice recognition system
Cybersecurity,Develop a task management app
Data Science,Create a recommendation system for music playlists
Cybersecurity,Implement a sentiment analysis algorithm
Data Science,Build a data visualization web application
Information Technology,Develop a web-based e-commerce platform
Data Science,Develop an embedded system for home automation
Information Technology,Implement a sentiment analysis algorithm
Artificial Intelligence,Build a gesture recognition system
Cybersecurity,Create a recommendation system for music playlists
Data Science,Create a virtual assistant
Data Science,Create a mobile app for language learning
Artificial Intelligence,Develop an intrusion detection system
Cybersecurity,Build a data visualization web application
Computer Engineering,Implement a natural language processing system
Information Technology,Design an autonomous drone
Data Science,Develop a language translation app
Computer Science,Develop a predictive maintenance model
Information Technology,Build a gesture recognition system
Software Engineering,Develop a task management app
Data Science,Create a virtual assistant
Data Science,Create a recommendation system for music playlists
Computer Engineering,Create a virtual assistant
Computer Engineering,Build a voice recognition system
Software Engineering,Implement a customer relationship management system
Computer Engineering,Implement a sentiment analysis algorithm
Computer Engineering,Implement a customer relationship management system
Computer Science,Develop a network traffic analysis tool
Software Engineering,Create a chatbot for customer support
Information Technology,Create a virtual assistant
Software Engineering,Create a facial recognition system
Information Technology,Build a data visualization web application
Artificial Intelligence,Create a chatbot for customer support
Artificial Intelligence,Create a database management system
Artificial Intelligence,Develop a predictive maintenance model
Cybersecurity,Develop an embedded system for home automation
Information Technology,Develop a web-based e-commerce platform
Information Technology,Create an inventory management system
Data Science,Implement a sentiment analysis algorithm
Information Technology,Develop a malware detection tool
Computer Science,Design a social networking platform
Artificial Intelligence,Develop a malware detection tool
Software Engineering,Implement a natural language processing system
Data Science,Create a facial recognition system
Computer Engineering,Create a chatbot for customer support
Computer Science,Design a social networking platform
Data Science,Develop a language translation app
Software Engineering,Develop a recommendation engine
Software Engineering,Design an autonomous drone
Computer Science,Create a mobile app for language learning
Computer Science,Develop an embedded system for home automation
Computer Engineering,Create a chatbot for customer support
Software Engineering,Develop an intrusion detection system
Cybersecurity,Develop a recommendation engine
Computer Engineering,Create a mobile app for language learning
Cybersecurity,Implement a data mining algorithm
Information Technology,Develop an intrusion detection system
Artificial Intelligence,Build a voice recognition system
Cybersecurity,Design a customer churn prediction model
Computer Engineering,Create a facial recognition system
Software Engineering,Design a social networking platform
Data Science,Develop a network traffic analysis tool
Computer Science,Build a gesture recognition system
Computer Science,Develop a predictive maintenance model
Data Science,Build a voice recognition system
Information Technology,Create a chatbot for customer support
Software Engineering,Implement a data mining algorithm
Computer Engineering,Develop a malware detection tool
Computer Engineering,Build a gesture recognition system
Artificial Intelligence,Develop a task management app
Data Science,Design a real-time object detection system
Information Technology,Develop a recommendation engine
Data Science,Develop a language translation app
Cybersecurity,Develop a recommendation engine
Computer Engineering,Design a social networking platform
Data Science,Implement a recommendation system
Cybersecurity,Develop a language translation app
Computer Engineering,Develop a malware detection tool
Computer Engineering,Develop a recommendation engine
Information Technology,Design an autonomous drone
Data Science,Design a social networking platform
Data Science,Implement a recommendation system
Computer Engineering,Create a facial recognition system
Information Technology,Create a chatbot for customer support
Software Engineering,Develop a predictive maintenance model
Information Technology,Develop a network traffic analysis tool
Information Technology,Develop a malware detection tool
Artificial Intelligence,Design a social networking platform
Information Technology,Build a gesture recognition system
Data Science,Develop a malware detection tool
Artificial Intelligence,Develop a predictive maintenance model
Computer Science,Build a data visualization web application
Data Science,Create a chatbot for customer support
Artificial Intelligence,Design a social networking platform
Information Technology,Develop a malware detection tool
Artificial Intelligence,Develop a malware detection tool
Information Technology,Develop a web-based e-commerce platform
Data Science,Implement a customer relationship management system
Artificial Intelligence,Build a data visualization web application
Computer Science,Develop a web-based e-commerce platform
Data Science,Create a chatbot for customer support
Information Technology,Develop an embedded system for home automation
Computer Science,Create an inventory management system
Software Engineering,Implement a sentiment analysis algorithm
Cybersecurity,Design a social networking platform
Information Technology,Develop an embedded system for home automation
Cybersecurity,Create a mobile app for language learning
Computer Engineering,Create a chatbot for customer support
Computer Science,Develop a predictive maintenance model
Cybersecurity,Develop a network traffic analysis tool
Computer Science,Create a recommendation system for music playlists
Software Engineering,Implement a sentiment analysis algorithm
Cybersecurity,Develop a predictive maintenance model
Artificial Intelligence,Create a virtual assistant
Computer Science,Implement a customer relationship management system
Artificial Intelligence,Implement a sentiment analysis algorithm
Computer Engineering,Implement a data mining algorithm
Artificial Intelligence,Build a vulnerability assessment tool
Cybersecurity,Create a facial recognition system
Information Technology,Develop a predictive maintenance model
Data Science,Design a social networking platform
Artificial Intelligence,Design an autonomous drone
Computer Engineering,Implement a natural language processing system
Cybersecurity,Implement a natural language processing system
Data Science,Develop a recommendation engine
Computer Science,Develop a web-based e-commerce platform
Software Engineering,Create a database management system
Computer Engineering,Design a real-time object detection system
Artificial Intelligence,Build a gesture recognition system
Computer Science,Develop an embedded system for home automation
Computer Science,Create a mobile app for language learning
Data Science,Implement a natural language processing system
Software Engineering,Implement a sentiment analysis algorithm
Information Technology,Develop a web-based e-commerce platform
Computer Engineering,Build a gesture recognition system
Artificial Intelligence,Create a virtual assistant
Information Technology,Develop a task management app
Information Technology,Create a database management system
Information Technology,Develop a recommendation engine
Computer Science,Develop a malware detection tool
Information Technology,Create an inventory management system
Software Engineering,Develop a task management app
Cybersecurity,Develop an intrusion detection system
Information Technology,Create an inventory management system
Computer Science,Develop a language translation app
Computer Engineering,Implement a data mining algorithm
Computer Science,Create a mobile app for language learning
Data Science,Build a gesture recognition system
Computer Engineering,Implement a customer relationship management system
Artificial Intelligence,Create an inventory management system
Data Science,Create an inventory management system
Software Engineering,Implement a sentiment analysis algorithm
Software Engineering,Create a database management system
Software Engineering,Create a chatbot for customer support
Information Technology,Develop a predictive maintenance model
Computer Science,Create an inventory management system
Computer Science,Create a mobile app for language learning
Computer Science,Develop a recommendation engine
Data Science,Develop a language translation app
Software Engineering,Design a customer churn prediction model
Data Science,Create a chatbot for customer support
Cybersecurity,Create a mobile app for language learning
Artificial Intelligence,Design an autonomous drone
Cybersecurity,Develop an intrusion detection system
Artificial Intelligence,Develop a task management app
Cybersecurity,Design a social networking platform
Data Science,Build a gesture recognition system
Cybersecurity,Develop a predictive maintenance model
Information Technology,Create a recommendation system for music playlists
Information Technology,Design a social networking platform
Software Engineering,Implement a customer relationship management system
Software Engineering,Develop a network traffic analysis tool
Software Engineering,Implement a sentiment analysis algorithm
Software Engineering,Develop an embedded system for home automation
Information Technology,Design a real-time object detection system
Information Technology,Implement a data mining algorithm
Cybersecurity,Create a mobile app for language learning
Computer Engineering,Develop a network traffic analysis tool
Computer Engineering,Develop an intrusion detection system
Information Technology,Design a customer churn prediction model
Data Science,Develop an intrusion detection system
Software Engineering,Design an autonomous drone
Artificial Intelligence,Build a voice recognition system
Software Engineering,Develop a predictive maintenance model
Information Technology,Design a real-time object detection system
Computer Engineering,Design an autonomous drone
Information Technology,Create a facial recognition system
Computer Engineering,Develop a malware detection tool
Computer Science,Build a data visualization web application
Data Science,Develop an embedded system for home automation
Artificial Intelligence,Develop a malware detection tool
Data Science,Develop a language translation app
Information Technology,Develop a network traffic analysis tool
Software Engineering,Implement a data mining algorithm
Data Science,Implement a recommendation system
Data Science,Implement a natural language processing system
Computer Engineering,Create a mobile app for language learning
Cybersecurity,Create an inventory management system
Software Engineering,Create a chatbot for customer support
Information Technology,Build a gesture recognition system
Software Engineering,Create a recommendation system for music playlists
Artificial Intelligence,Develop an intrusion detection system
Artificial Intelligence,Create a mobile app for language learning
Software Engineering,Create a database management system
Computer Engineering,Design a customer churn prediction model
Artificial Intelligence,Design an autonomous drone
Software Engineering,Develop a predictive maintenance model
Data Science,Implement a sentiment analysis algorithm
Software Engineering,Create an inventory management system
Information Technology,Implement a customer relationship management system
Computer Science,Create a database management system
Data Science,Build a gesture recognition system
Data Science,Create an inventory management system
Software Engineering,Implement a customer relationship management system
Cybersecurity,Create a virtual assistant
Artificial Intelligence,Create a mobile app for language learning
Computer Engineering,Implement a data mining algorithm
Information Technology,Implement a natural language processing system
Data Science,Develop a network traffic analysis tool
Software Engineering,Develop an intrusion detection system
Computer Science,Implement a customer relationship management system
Computer Science,Design an autonomous drone
Computer Engineering,Develop a predictive maintenance model
Information Technology,Create a virtual assistant
Software Engineering,Develop a language translation app
Information Technology,Create a mobile app for language learning
Cybersecurity,Implement a recommendation system
Information Technology,Develop a language translation app
Information Technology,Develop an intrusion detection system
Software Engineering,Develop a recommendation engine
Cybersecurity,Develop a predictive maintenance model
Data Science,Create a virtual assistant
Cybersecurity,Develop a malware detection tool
Data Science,Build a data visualization web application
Artificial Intelligence,Develop a malware detection tool
Cybersecurity,Develop a network traffic analysis tool
Data Science,Implement a data mining algorithm
Data Science,Create a mobile app for language learning
Software Engineering,Develop a predictive maintenance model
Cybersecurity,Design a customer churn prediction model
Artificial Intelligence,Create a database management system
Computer Engineering,Build a data visualization web application
Data Science,Design an autonomous drone
Information Technology,Create an inventory management system
Artificial Intelligence,Build a voice recognition system
Data Science,Develop a malware detection tool
Computer Science,Create a recommendation system for music playlists
Artificial Intelligence,Implement a natural language processing system
Artificial Intelligence,Develop an intrusion detection system
Computer Engineering,Develop a predictive maintenance model
Cybersecurity,Implement a natural language processing system
Information Technology,Develop a network traffic analysis tool
Software Engineering,Develop a task management app
Computer Science,Develop a network traffic analysis tool
Cybersecurity,Create a chatbot for customer support
Software Engineering,Build a vulnerability assessment tool
Computer Science,Design a real-time object detection system
Software Engineering,Implement a natural language processing system
Data Science,Create a recommendation system for music playlists
Software Engineering,Implement a data mining algorithm
Computer Engineering,Build a vulnerability assessment tool
Cybersecurity,Design a real-time object detection system
Cybersecurity,Build a vulnerability assessment tool
Computer Engineering,Develop a malware detection tool
Cybersecurity,Develop a web-based e-commerce platform
Software Engineering,Develop a malware detection tool
Computer Engineering,Create a virtual assistant
Data Science,Design a social networking platform
Cybersecurity,Develop a malware detection tool
Computer Science,Develop an intrusion detection system
Artificial Intelligence,Build a voice recognition system
Computer Engineering,Develop a task management app
Information Technology,Build a vulnerability assessment tool
Artificial Intelligence,Design an autonomous drone
Software Engineering,Build a vulnerability assessment tool
Computer Engineering,Develop an intrusion detection system
Computer Engineering,Implement a data mining algorithm
Artificial Intelligence,Develop a malware detection tool
Computer Science,Implement a customer relationship management system
Cybersecurity,Create a facial recognition system
Computer Science,Develop an intrusion detection system
Software Engineering,Create a virtual assistant
Cybersecurity,Create a chatbot for customer support
Computer Engineering,Build a data visualization web application
Cybersecurity,Develop a web-based e-commerce platform
Information Technology,Create a recommendation system for music playlists
Data Science,Design a customer churn prediction model
Information Technology,Create a facial recognition system
Software Engineering,Create an inventory management system
Data Science,Implement a data mining algorithm
Artificial Intelligence,Design a real-time object detection system
Computer Science,Develop an intrusion detection system
Information Technology,Create a recommendation system for music playlists
Computer Science,Design a real-time object detection system
Computer Science,Create a chatbot for customer support
Artificial Intelligence,Design a social networking platform
Computer Science,Create a chatbot for customer support
Cybersecurity,Build a gesture recognition system
Computer Science,Implement a natural language processing system
Data Science,Build a voice recognition system
Data Science,Develop a malware detection tool
Data Science,Build a gesture recognition system
Data Science,Develop a network traffic analysis tool
Data Science,Create a database management system
Information Technology,Implement a natural language processing system
Computer Engineering,Create an inventory management system
Artificial Intelligence,Develop a network traffic analysis tool
Software Engineering,Develop an intrusion detection system
Software Engineering,Develop a recommendation engine
Data Science,Design a customer churn prediction model
Information Technology,Build a voice recognition system
Computer Science,Develop a network traffic analysis tool
Software Engineering,Create a mobile app for language learning
Computer Science,Develop a language translation app
Cybersecurity,Create a recommendation system for music playlists
Computer Engineering,Create a recommendation system for music playlists
Computer Engineering,Develop a language translation app
Information Technology,Build a data visualization web application
Computer Engineering,Develop a malware detection tool
Computer Engineering,Implement a data mining algorithm
Information Technology,Develop a language translation app
Data Science,Develop a malware detection tool
Cybersecurity,Develop a web-based e-commerce platform
Computer Science,Build a vulnerability assessment tool
Software Engineering,Develop an embedded system for home automation
Information Technology,Create a database management system
Information Technology,Develop a recommendation engine
Information Technology,Create a facial recognition system
Computer Science,Create an inventory management system
Computer Engineering,Create a database management system
Information Technology,Design a customer churn prediction model
Computer Science,Implement a sentiment analysis algorithm
Artificial Intelligence,Develop a predictive maintenance model
Computer Engineering,Build a vulnerability assessment tool
Cybersecurity,Implement a natural language processing system
Data Science,Design a social networking platform
Computer Engineering,Implement a sentiment analysis algorithm
Computer Engineering,Design an autonomous drone
Computer Engineering,Design an autonomous drone
Software Engineering,Develop a network traffic analysis tool
Cybersecurity,Create a recommendation system for music playlists
Information Technology,Create a virtual assistant
Data Science,Develop a task management app
Computer Engineering,Build a data visualization web application
Cybersecurity,Build a gesture recognition system
Artificial Intelligence,Develop a malware detection tool
Computer Science,Create a recommendation system for music playlists
Computer Science,Develop an intrusion detection system
Information Technology,Develop a language translation app
Data Science,Implement a customer relationship management system
Artificial Intelligence,Develop a language translation app
Information Technology,Build a voice recognition system
Computer Engineering,Implement a recommendation system
Data Science,Develop a predictive maintenance model
Cybersecurity,Implement a natural language processing system
Computer Science,Implement a customer relationship management system
Computer Science,Build a vulnerability assessment tool
Data Science,Develop a task management app
Artificial Intelligence,Create a facial recognition system
Artificial Intelligence,Create an inventory management system
Artificial Intelligence,Build a voice recognition system
Artificial Intelligence,Build a vulnerability assessment tool
Artificial Intelligence,Build a voice recognition system
Computer Engineering,Develop a task management app
Information Technology,Build a data visualization web application
Cybersecurity,Design an autonomous drone
Computer Science,Create a mobile app for language learning
Data Science,Create a virtual assistant
Cybersecurity,Design a customer churn prediction model
Cybersecurity,Develop a language translation app
Software Engineering,Design an autonomous drone
Information Technology,Develop a malware detection tool
Data Science,Develop an embedded system for home automation
Cybersecurity,Create an inventory management system
Computer Science,Create a database management system
Software Engineering,Build a vulnerability assessment tool
Artificial Intelligence,Develop a language translation app
Software Engineering,Build a voice recognition system
Cybersecurity,Develop a language translation app
Computer Science,Develop a task management app
Software Engineering,Develop a web-based e-commerce platform
Data Science,Build a gesture recognition system
Artificial Intelligence,Implement a natural language processing system
Information Technology,Design a customer churn prediction model
Artificial Intelligence,Create a recommendation system for music playlists
Cybersecurity,Develop a web-based e-commerce platform
Artificial Intelligence,Develop an intrusion detection system
Data Science,Design a customer churn prediction model
Data Science,Create an inventory management system
Computer Engineering,Design an autonomous drone
Computer Science,Create a chatbot for customer support
Artificial Intelligence,Develop a language translation app
Data Science,Implement a natural language processing system
Artificial Intelligence,Develop an intrusion detection system
Computer Engineering,Design a social networking platform
Computer Science,Design an autonomous drone
Computer Science,Design an autonomous drone
Computer Engineering,Build a vulnerability assessment tool
Information Technology,Design a social networking platform
Computer Engineering,Create a database management system
Data Science,Develop a network traffic analysis tool
Software Engineering,Create a mobile app for language learning
Software Engineering,Develop a task management app
Information Technology,Create a database management system
Information Technology,Design a social networking platform
Computer Science,Develop a predictive maintenance model
Artificial Intelligence,Design an autonomous drone
Computer Science,Develop a predictive maintenance model
Software Engineering,Implement a natural language processing system
Computer Engineering,Create a virtual assistant
Data Science,Implement a data mining algorithm
Information Technology,Develop a recommendation engine
Artificial Intelligence,Implement a natural language processing system
Cybersecurity,Create a database management system
Software Engineering,Develop a language translation app
Software Engineering,Develop a recommendation engine
Computer Engineering,Develop a malware detection tool
Computer Science,Implement a natural language processing system
Artificial Intelligence,Develop a recommendation engine
Information Technology,Develop a predictive maintenance model
Computer Science,Build a gesture recognition system
Computer Science,Develop a web-based e-commerce platform
Computer Science,Develop an embedded system for home automation
Software Engineering,Design an autonomous drone
Data Science,Develop a language translation app
Computer Science,Develop a predictive maintenance model
Information Technology,Implement a sentiment analysis algorithm
Artificial Intelligence,Implement a customer relationship management system
Artificial Intelligence,Develop a language translation app
Information Technology,Develop a language translation app
Information Technology,Build a data visualization web application
Cybersecurity,Implement a data mining algorithm
Software Engineering,Build a voice recognition system
Computer Engineering,Create a mobile app for language learning
Data Science,Create a chatbot for customer support
Data Science,Implement a data mining algorithm
Computer Engineering,Implement a data mining algorithm
Cybersecurity,Create an inventory management system
Software Engineering,Create an inventory management system
Information Technology,Create a recommendation system for music playlists
Information Technology,Design a social networking platform
Information Technology,Develop an intrusion detection system
Information Technology,Build a voice recognition system
Information Technology,Create a virtual assistant
Information Technology,Build a data visualization web application
Information Technology,Build a vulnerability assessment tool
Computer Science,Develop a predictive maintenance model
Software Engineering,Implement a sentiment analysis algorithm
Cybersecurity,Develop a recommendation engine
Software Engineering,Develop a language translation app
Software Engineering,Implement a customer relationship management system
Software Engineering,Develop a language translation app
Computer Engineering,Create a virtual assistant
Software Engineering,Create a database management system
Cybersecurity,Design a real-time object detection system
Information Technology,Develop a predictive maintenance model
Artificial Intelligence,Implement a data mining algorithm
Artificial Intelligence,Build a voice recognition system
Data Science,Develop a malware detection tool
Artificial Intelligence,Implement a sentiment analysis algorithm
Data Science,Develop a predictive maintenance model
Cybersecurity,Design a customer churn prediction model
Software Engineering,Create a recommendation system for music playlists
Cybersecurity,Design a social networking platform
Computer Science,Design a customer churn prediction model
Artificial Intelligence,Implement a customer relationship management system
Data Science,Build a data visualization web application
Cybersecurity,Implement a sentiment analysis algorithm
Data Science,Implement a natural language processing system
Information Technology,Build a voice recognition system
Software Engineering,Design a social networking platform
Artificial Intelligence,Create a chatbot for customer support
Computer Science,Design an autonomous drone
Data Science,Develop a task management app
Information Technology,Develop an intrusion detection system
Computer Science,Design a social networking platform
Cybersecurity,Create an inventory management system
Cybersecurity,Develop a task management app
Artificial Intelligence,Implement a data mining algorithm
Data Science,Build a data visualization web application
Data Science,Create a chatbot for customer support
Computer Science,Develop a web-based e-commerce platform
Artificial Intelligence,Design a customer churn prediction model
Computer Science,Design a real-time object detection system
Cybersecurity,Create an inventory management system
Artificial Intelligence,Develop a language translation app
Artificial Intelligence,Design an autonomous drone
Computer Science,Implement a natural language processing system
Information Technology,Design a customer churn prediction model
Information Technology,Build a vulnerability assessment tool
Computer Engineering,Develop a recommendation engine
Software Engineering,Develop a task management app
Information Technology,Develop a malware detection tool
Computer Science,Build a voice recognition system
Software Engineering,Design a real-time object detection system
Artificial Intelligence,Create a virtual assistant
Computer Science,Design an autonomous drone
Artificial Intelligence,Build a vulnerability assessment tool
Software Engineering,Develop an intrusion detection system
Software Engineering,Develop an embedded system for home automation
Computer Science,Develop a network traffic analysis tool
Software Engineering,Develop a task management app
Computer Engineering,Implement a data mining algorithm
Computer Science,Design a social networking platform
Data Science,Create a facial recognition system
Artificial Intelligence,Build a vulnerability assessment tool
Cybersecurity,Develop a web-based e-commerce platform
Artificial Intelligence,Design an autonomous drone
Computer Science,Design a real-time object detection system
Data Science,Create a recommendation system for music playlists
Software Engineering,Implement a natural language processing system
Computer Science,Develop a language translation app
Information Technology,Develop a web-based e-commerce platform
Cybersecurity,Implement a sentiment analysis algorithm
Information Technology,Develop a web-based e-commerce platform
Computer Science,Build a vulnerability assessment tool
Computer Engineering,Design a real-time object detection system
Computer Science,Implement a natural language processing system
Information Technology,Implement a natural language processing system
Computer Science,Create a database management system
Cybersecurity,Implement a sentiment analysis algorithm
Software Engineering,Develop a task management app
Artificial Intelligence,Create a chatbot for customer support
Cybersecurity,Develop a web-based e-commerce platform
Software Engineering,Design a customer churn prediction model
Computer Engineering,Design an autonomous drone
Artificial Intelligence,Create an inventory management system
Information Technology,Implement a natural language processing system
Information Technology,Create a mobile app for language learning
Artificial Intelligence,Develop a predictive maintenance model
Data Science,Design a customer churn prediction model
Software Engineering,Create a virtual assistant
Software Engineering,Build a voice recognition system
Data Science,Design a customer churn prediction model
Software Engineering,Implement a natural language processing system
Artificial Intelligence,Develop an intrusion detection system
Information Technology,Implement a data mining algorithm
Software Engineering,Build a gesture recognition system
Cybersecurity,Build a voice recognition system
Artificial Intelligence,Design an autonomous drone
Cybersecurity,Build a vulnerability assessment tool
Computer Science,Develop a recommendation engine
Computer Science,Create a virtual assistant
Software Engineering,Design a real-time object detection system
Cybersecurity,Create a virtual assistant
Software Engineering,Design a social networking platform
Artificial Intelligence,Develop an embedded system for home automation
Computer Engineering,Develop a web-based e-commerce platform
Software Engineering,Develop a predictive maintenance model
Information Technology,Create a virtual assistant
Computer Science,Create a recommendation system for music playlists
Information Technology,Design a social networking platform
Computer Engineering,Develop a network traffic analysis tool
Information Technology,Create a recommendation system for music playlists
Cybersecurity,Develop a predictive maintenance model
Information Technology,Develop a predictive maintenance model
Computer Engineering,Create a facial recognition system
Computer Science,Develop a language translation app
Computer Engineering,Develop an intrusion detection system
Data Science,Create a virtual assistant
Computer Science,Develop a malware detection tool
Data Science,Implement a data mining algorithm
Cybersecurity,Create a recommendation system for music playlists
Cybersecurity,Develop a recommendation engine
Computer Engineering,Develop an embedded system for home automation
Computer Science,Develop a network traffic analysis tool
Artificial Intelligence,Design a social networking platform
Software Engineering,Create a recommendation system for music playlists
Software Engineering,Develop a task management app
Software Engineering,Develop an intrusion detection system
Information Technology,Develop a network traffic analysis tool
Cybersecurity,Create a recommendation system for music playlists
Information Technology,Implement a recommendation system
Software Engineering,Create a mobile app for language learning
Artificial Intelligence,Create a virtual assistant
Data Science,Build a voice recognition system
Information Technology,Create a database management system
Artificial Intelligence,Create a chatbot for customer support
Computer Science,Develop a malware detection tool
Cybersecurity,Develop a malware detection tool
Software Engineering,Create a mobile app for language learning
Cybersecurity,Develop a malware detection tool
Cybersecurity,Create a recommendation system for music playlists
Software Engineering,Create a database management system
Cybersecurity,Design a real-time object detection system
Information Technology,Design a social networking platform
Data Science,Implement a natural language processing system
Cybersecurity,Develop an embedded system for home automation
Computer Science,Design a real-time object detection system
Computer Science,Implement a sentiment analysis algorithm
Software Engineering,Build a voice recognition system
Artificial Intelligence,Develop an intrusion detection system
Computer Engineering,Implement a recommendation system
Cybersecurity,Implement a customer relationship management system
Artificial Intelligence,Develop a task management app
Artificial Intelligence,Design an autonomous drone
Data Science,Create a database management system
Information Technology,Build a voice recognition system
Data Science,Build a data visualization web application
Cybersecurity,Develop a task management app
Data Science,Design a customer churn prediction model
Cybersecurity,Design a real-time object detection system
Computer Science,Build a data visualization web application
Cybersecurity,Develop a task management app
Computer Engineering,Develop a network traffic analysis tool
Computer Engineering,Implement a recommendation system
Artificial Intelligence,Create a facial recognition system
Artificial Intelligence,Build a data visualization web application
Computer Engineering,Implement a customer relationship management system
Information Technology,Implement a customer relationship management system
Data Science,Create an inventory management system
Artificial Intelligence,Develop a malware detection tool
Data Science,Build a vulnerability assessment tool
Data Science,Design a customer churn prediction model
Data Science,Develop a malware detection tool
Computer Science,Design an autonomous drone
Information Technology,Design a social networking platform
Information Technology,Implement a sentiment analysis algorithm
Cybersecurity,Implement a sentiment analysis algorithm
Computer Engineering,Implement a recommendation system
Computer Science,Develop an intrusion detection system
Computer Science,Develop a network traffic analysis tool
Artificial Intelligence,Create a recommendation system for music playlists
Computer Engineering,Develop a malware detection tool
Computer Engineering,Develop a predictive maintenance model
Artificial Intelligence,Create a database management system
Information Technology,Create a database management system
Artificial Intelligence,Implement a natural language processing system
Artificial Intelligence,Implement a data mining algorithm
Computer Science,Implement a natural language processing system
Computer Engineering,Develop a task management app
Software Engineering,Create a recommendation system for music playlists
Cybersecurity,Build a vulnerability assessment tool
Software Engineering,Implement a data mining algorithm
Data Science,Develop a web-based e-commerce platform
Information Technology,Implement a sentiment analysis algorithm
Artificial Intelligence,Build a gesture recognition system
Computer Engineering,Develop a task management app
Software Engineering,Implement a customer relationship management system
Software Engineering,Create an inventory management system
Data Science,Implement a sentiment analysis algorithm
Information Technology,Develop a task management app
Cybersecurity,Develop a malware detection tool
Cybersecurity,Create a virtual assistant
Computer Science,Build a voice recognition system
Data Science,Create an inventory management system
Software Engineering,Design a real-time object detection system
Computer Science,Develop a network traffic analysis tool
Software Engineering,Design an autonomous drone
Information Technology,Develop an intrusion detection system
Software Engineering,Develop a recommendation engine
Software Engineering,Implement a sentiment analysis algorithm
Computer Engineering,Implement a natural language processing system
Computer Engineering,Implement a natural language processing system
Software Engineering,Build a data visualization web application
Data Science,Design a customer churn prediction model
Software Engineering,Create a database management system
Software Engineering,Implement a natural language processing system
Cybersecurity,Build a voice recognition system
Computer Science,Create a mobile app for language learning
Computer Science,Develop an intrusion detection system
Data Science,Create a virtual assistant
Computer Engineering,Develop a network traffic analysis tool
Computer Science,Design an autonomous drone
Computer Engineering,Develop a task management app
Computer Science,Build a vulnerability assessment tool
Computer Science,Implement a sentiment analysis algorithm
Artificial Intelligence,Implement a recommendation system
Data Science,Design an autonomous drone
Computer Science,Implement a customer relationship management system
Data Science,Design a customer churn prediction model
Computer Science,Build a voice recognition system
Information Technology,Implement a sentiment analysis algorithm
Computer Engineering,Build a vulnerability assessment tool
Computer Engineering,Develop a predictive maintenance model
Computer Science,Design a real-time object detection system
Computer Science,Develop an intrusion detection system
Information Technology,Implement a natural language processing system
Computer Science,Implement a customer relationship management system
Computer Science,Develop a recommendation engine
Data Science,Create an inventory management system
Data Science,Build a data visualization web application
Cybersecurity,Implement a recommendation system
Data Science,Develop a predictive maintenance model
Data Science,Implement a sentiment analysis algorithm
Artificial Intelligence,Develop a language translation app
Software Engineering,Implement a data mining algorithm
Cybersecurity,Create a recommendation system for music playlists
Computer Engineering,Design a social networking platform
Software Engineering,Implement a sentiment analysis algorithm
Software Engineering,Build a gesture recognition system
Software Engineering,Implement a customer relationship management system
Computer Science,Implement a customer relationship management system
Cybersecurity,Create an inventory management system
Artificial Intelligence,Build a data visualization web application
Software Engineering,Build a vulnerability assessment tool
Artificial Intelligence,Implement a recommendation system
Artificial Intelligence,Implement a data mining algorithm
Data Science,Develop a task management app
Software Engineering,Implement a recommendation system
Software Engineering,Develop a web-based e-commerce platform
Computer Engineering,Build a data visualization web application
Artificial Intelligence,Develop a web-based e-commerce platform
Artificial Intelligence,Develop a predictive maintenance model
Cybersecurity,Create a mobile app for language learning
Artificial Intelligence,Create a facial recognition system
Computer Engineering,Develop a recommendation engine
Cybersecurity,Build a voice recognition system
Information Technology,Create an inventory management system
Data Science,Design a customer churn prediction model
Information Technology,Implement a sentiment analysis algorithm
Computer Science,Build a gesture recognition system
Artificial Intelligence,Create a recommendation system for music playlists
Computer Science,Implement a recommendation system
Software Engineering,Develop a language translation app
Software Engineering,Implement a customer relationship management system
Data Science,Develop a predictive maintenance model
Cybersecurity,Create a facial recognition system
Information Technology,Develop a malware detection tool
Computer Engineering,Implement a customer relationship management system
Information Technology,Develop a web-based e-commerce platform
Artificial Intelligence,Develop a task management app
Computer Science,Develop a web-based e-commerce platform
Software Engineering,Develop a network traffic analysis tool
Artificial Intelligence,Build a data visualization web application
Computer Science,Build a gesture recognition system
Data Science,Develop a predictive maintenance model
Software Engineering,Create a database management system
Data Science,Design a social networking platform
Artificial Intelligence,Implement a data mining algorithm
Data Science,Create a recommendation system for music playlists
Information Technology,Create a recommendation system for music playlists
Cybersecurity,Design a real-time object detection system
Data Science,Design a social networking platform
Computer Engineering,Design a customer churn prediction model
Software Engineering,Design a customer churn prediction model
Computer Science,Build a voice recognition system
Software Engineering,Build a vulnerability assessment tool
Computer Engineering,Create a virtual assistant
Software Engineering,Design a customer churn prediction model
Cybersecurity,Build a voice recognition system
Computer Engineering,Design a customer churn prediction model
Computer Engineering,Develop a predictive maintenance model
Data Science,Develop a predictive maintenance model
Information Technology,Create a recommendation system for music playlists
Cybersecurity,Build a data visualization web application
Information Technology,Develop an embedded system for home automation
Information Technology,Develop a recommendation engine
Data Science,Design a social networking platform
Cybersecurity,Build a vulnerability assessment tool
Data Science,Develop a recommendation engine
Computer Science,Design an autonomous drone
Cybersecurity,Develop an embedded system for home automation
Computer Engineering,Create a virtual assistant
Software Engineering,Implement a customer relationship management system
Data Science,Develop an embedded system for home automation
Software Engineering,Design an autonomous drone
Data Science,Develop a task management app
Information Technology,Build a data visualization web application
Artificial Intelligence,Create a recommendation system for music playlists
Artificial Intelligence,Develop a task management app
Data Science,Design a social networking platform
Information Technology,Develop an embedded system for home automation
Computer Science,Implement a recommendation system
Computer Engineering,Develop a malware detection tool
Computer Science,Implement a customer relationship management system
Software Engineering,Build a voice recognition system
Cybersecurity,Develop an intrusion detection system
Software Engineering,Implement a sentiment analysis algorithm
Computer Engineering,Create a database management system
Computer Engineering,Implement a sentiment analysis algorithm
Data Science,Implement a customer relationship management system
Software Engineering,Design a customer churn prediction model
Software Engineering,Develop a language translation app
Computer Engineering,Design a social networking platform
Artificial Intelligence,Develop an embedded system for home automation
Data Science,Create a chatbot for customer support
Data Science,Develop an intrusion detection system
Computer Engineering,Design an autonomous drone
Artificial Intelligence,Build a data visualization web application
Data Science,Create a virtual assistant
Artificial Intelligence,Develop a task management app
Computer Engineering,Implement a data mining algorithm
Data Science,Design a social networking platform
Computer Engineering,Develop a malware detection tool
Cybersecurity,Build a gesture recognition system
Software Engineering,Implement a customer relationship management system
Software Engineering,Develop a language translation app
Computer Science,Implement a data mining algorithm
Software Engineering,Develop a recommendation engine
Data Science,Create a virtual assistant
Artificial Intelligence,Develop an intrusion detection system
Information Technology,Create a facial recognition system
Information Technology,Develop an embedded system for home automation
Data Science,Create a virtual assistant
Software Engineering,Develop a recommendation engine
Computer Science,Develop a web-based e-commerce platform
Artificial Intelligence,Create an inventory management system
Computer Engineering,Develop a recommendation engine
Information Technology,Develop an embedded system for home automation
Computer Engineering,Build a gesture recognition system
Cybersecurity,Develop a task management app
Software Engineering,Build a data visualization web application
Software Engineering,Create a virtual assistant
Computer Engineering,Develop a task management app
Artificial Intelligence,Develop a language translation app
Data Science,Develop an intrusion detection system
Data Science,Implement a customer relationship management system
Cybersecurity,Develop a network traffic analysis tool
Information Technology,Implement a natural language processing system
Cybersecurity,Develop an embedded system for home automation
Cybersecurity,Develop a malware detection tool
Software Engineering,Implement a recommendation system
Artificial Intelligence,Create a facial recognition system
Cybersecurity,Build a gesture recognition system
Software Engineering,Implement a natural language processing system
Data Science,Design a social networking platform
Computer Science,Design a social networking platform
Data Science,Develop an embedded system for home automation
Information Technology,Create a facial recognition system
Computer Engineering,Implement a sentiment analysis algorithm
Computer Science,Develop an intrusion detection system
Computer Engineering,Create a chatbot for customer support
Data Science,Build a vulnerability assessment tool
Information Technology,Create a facial recognition system
Cybersecurity,Build a data visualization web application
Software Engineering,Develop a predictive maintenance model
Information Technology,Create an inventory management system
Information Technology,Build a data visualization web application
Computer Engineering,Design a social networking platform
Cybersecurity,Develop a task management app
Information Technology,Develop an embedded system for home automation
Computer Science,Develop a malware detection tool
Computer Engineering,Design a social networking platform
Information Technology,Develop a language translation app
Information Technology,Implement a customer relationship management system
Data Science,Build a data visualization web application
Computer Science,Create a database management system
Cybersecurity,Implement a data mining algorithm
Computer Science,Build a data visualization web application
Computer Science,Create a mobile app for language learning
Information Technology,Develop a language translation app
Computer Engineering,Create a facial recognition system
Data Science,Create a database management system
Artificial Intelligence,Develop an embedded system for home automation
Software Engineering,Develop a malware detection tool
Artificial Intelligence,Develop a malware detection tool
Software Engineering,Create a mobile app for language learning
Information Technology,Design a real-time object detection system
Data Science,Develop a web-based e-commerce platform
Artificial Intelligence,Design an autonomous drone
Cybersecurity,Develop an intrusion detection system
Software Engineering,Create a database management system
Software Engineering,Build a vulnerability assessment tool
Computer Science,Create a chatbot for customer support
Cybersecurity,Build a vulnerability assessment tool
Information Technology,Develop a task management app
Information Technology,Develop a language translation app
Computer Science,Create a database management system
Data Science,Develop a network traffic analysis tool
Computer Engineering,Develop a web-based e-commerce platform
Data Science,Create a chatbot for customer support
Computer Science,Develop a predictive maintenance model
Data Science,Design a customer churn prediction model
Computer Engineering,Implement a data mining algorithm
Computer Engineering,Build a data visualization web application
Computer Engineering,Create a mobile app for language learning
Computer Science,Implement a customer relationship management system
Cybersecurity,Create a database management system
Computer Engineering,Implement a customer relationship management system
Artificial Intelligence,Design a social networking platform
Cybersecurity,Develop an embedded system for home automation
Information Technology,Develop an intrusion detection system
Computer Science,Build a data visualization web application
Information Technology,Implement a data mining algorithm
Software Engineering,Develop an embedded system for home automation
Computer Engineering,Implement a recommendation system
Data Science,Create a recommendation system for music playlists
Data Science,Create a recommendation system for music playlists
Software Engineering,Design a social networking platform
Computer Engineering,Create a facial recognition system
Artificial Intelligence,Build a voice recognition system
Information Technology,Develop an embedded system for home automation
Computer Engineering,Implement a customer relationship management system
Computer Engineering,Create an inventory management system
Artificial Intelligence,Create an inventory management system
Cybersecurity,Implement a recommendation system
Computer Engineering,Develop a malware detection tool
Cybersecurity,Build a gesture recognition system
Cybersecurity,Create a mobile app for language learning
Computer Science,Build a gesture recognition system
Data Science,Design a customer churn prediction model
Information Technology,Create a database management system
Data Science,Create a facial recognition system
Cybersecurity,Create a mobile app for language learning
Information Technology,Build a gesture recognition system
Computer Engineering,Create a virtual assistant
Software Engineering,Implement a recommendation system
Data Science,Develop a task management app
Computer Engineering,Design a real-time object detection system
Information Technology,Create an inventory management system
Cybersecurity,Implement a sentiment analysis algorithm
Information Technology,Design an autonomous drone
Software Engineering,Create a mobile app for language learning
Computer Engineering,Create a facial recognition system
Information Technology,Implement a customer relationship management system
Artificial Intelligence,Create a recommendation system for music playlists
Cybersecurity,Develop a recommendation engine
Artificial Intelligence,Create an inventory management system
Software Engineering,Create an inventory management system
Computer Science,Develop a web-based e-commerce platform
Software Engineering,Develop a language translation app
Information Technology,Develop a web-based e-commerce platform
Computer Science,Develop a predictive maintenance model
Computer Science,Design an autonomous drone
Computer Engineering,Build a data visualization web application
Software Engineering,Create an inventory management system
Computer Science,Develop a network traffic analysis tool
Computer Engineering,Build a data visualization web application
Information Technology,Develop a task management app
Software Engineering,Build a gesture recognition system
Computer Science,Design a real-time object detection system
Software Engineering,Develop a malware detection tool
Artificial Intelligence,Develop an intrusion detection system
Software Engineering,Implement a customer relationship management system
Computer Science,Design a social networking platform
Artificial Intelligence,Design a social networking platform
Artificial Intelligence,Create a mobile app for language learning
Cybersecurity,Build a voice recognition system
Cybersecurity,Build a data visualization web application
Data Science,Build a data visualization web application
Information Technology,Develop an intrusion detection system
Artificial Intelligence,Develop a language translation app
Data Science,Design a customer churn prediction model
Data Science,Build a gesture recognition system
Artificial Intelligence,Build a data visualization web application
Software Engineering,Create a mobile app for language learning
Computer Engineering,Design a customer churn prediction model
Computer Engineering,Implement a data mining algorithm
Data Science,Design a customer churn prediction model
Software Engineering,Implement a customer relationship management system
Information Technology,Build a vulnerability assessment tool
Information Technology,Build a gesture recognition system
Cybersecurity,Design a real-time object detection system
Artificial Intelligence,Implement a data mining algorithm
Computer Science,Design an autonomous drone
Artificial Intelligence,Create a mobile app for language learning
Computer Science,Develop a predictive maintenance model
Computer Engineering,Create a database management system
Information Technology,Design a social networking platform
Information Technology,Build a vulnerability assessment tool
Computer Engineering,Create a recommendation system for music playlists
Cybersecurity,Implement a data mining algorithm
Computer Engineering,Create a recommendation system for music playlists
Data Science,Develop a language translation app
Data Science,Implement a customer relationship management system
Artificial Intelligence,Create a chatbot for customer support
Software Engineering,Create an inventory management system
Data Science,Implement a data mining algorithm
Data Science,Build a vulnerability assessment tool
Artificial Intelligence,Build a vulnerability assessment tool
Data Science,Implement a sentiment analysis algorithm
Data Science,Develop a recommendation engine
Artificial Intelligence,Create a facial recognition system
Cybersecurity,Create an inventory management system
Software Engineering,Implement a natural language processing system
Data Science,Create a virtual assistant
Computer Engineering,Develop a task management app
Artificial Intelligence,Design an autonomous drone
Computer Science,Design a real-time object detection system
Artificial Intelligence,Build a vulnerability assessment tool
Artificial Intelligence,Develop a language translation app
Software Engineering,Design a customer churn prediction model
Computer Engineering,Create a facial recognition system
Information Technology,Design an autonomous drone
Software Engineering,Design a real-time object detection system
Software Engineering,Design a real-time object detection system
Cybersecurity,Implement a sentiment analysis algorithm
Information Technology,Develop an intrusion detection system
Information Technology,Create an inventory management system
Information Technology,Develop a language translation app
Artificial Intelligence,Create an inventory management system
Data Science,Implement a data mining algorithm
Cybersecurity,Develop an embedded system for home automation
Computer Science,Create a database management system
Artificial Intelligence,Create a recommendation system for music playlists
Computer Engineering,Develop a language translation app
Software Engineering,Create a chatbot for customer support
Computer Science,Create a chatbot for customer support
Computer Science,Develop a recommendation engine
Information Technology,Develop a language translation app
Computer Science,Create a database management system
Cybersecurity,Develop a language translation app
Data Science,Design an autonomous drone
Software Engineering,Build a vulnerability assessment tool
Software Engineering,Create a virtual assistant
Information Technology,Implement a data mining algorithm
